distance,timeTogetData,hopCount
100,0.557075,2
150,0.86524,3
200,0.83744,2
250,1.14598,2
300,1.24142,4
350,1.5385,3
400,1.2809,3
450,1.4937,6
500,1.6329,4
550,1.6601,4
600,1.8729,5
650,2.0137,6
700,2.2681,5
750,2.3401,6
800,2.5033,6
850,2.4937,7
900,2.4857,7
950,2.4857,7
1000,2.4857,7