distance,time
100,0.51912
200,0.75644
300,0.74862
400,1.2697
500,1.4665
600,1.7593
700,1.8953
800,2.1337
900,2.1945
1000,2.5881