distance,timeTogetData,hopCount
100,0.08889999999999994,1
150,0.12409999999999996,2
200,0.3000999999999999,2
250,0.32249999999999995,3
300,0.3881,3
350,0.40090000000000003,3
400,0.42010000000000003,3
450,0.5172400000000001,4
500,0.5516400000000002,4
550,0.70184,6
600,0.72524,5
650,0.7484399999999999,6
700,0.91558,5
750,0.9559799999999999,7
800,1.0219799999999997,6
850,1.1854200000000001,6
900,1.10318,6
950,1.2632999999999999,7
1000,1.3769000000000002,7
