distance,timeTogetData,hopCount
100,0.416466667,1
150,0.615575,2
200,0.732075,2
250,0.712075,2
300,1.05678,5
350,0.92142,3
400,1.5609,4
450,1.5481,3
500,1.5081,4
550,1.6537,4
600,1.8873,4
650,1.9625,5
700,2.0841,5
750,2.2057,7
800,2.2937,7
850,2.3017,7
900,2.3017,7
950,2.3017,7
1000,2.3017,7