distance,timeTogetData,hopCount
100,0.14570000000000008,1
150,0.2673000000000001,1
200,0.29689999999999994,2
250,0.30489999999999995,4
300,0.3721,3
350,0.45326000000000005,3
400,0.4964400000000001,3
450,0.5278400000000001,3
500,0.5712400000000001,4
550,0.59824,4
600,0.6678400000000001,4
650,0.8432400000000001,6
700,0.81824,7
750,0.7723799999999998,7
800,0.9219799999999998,6
850,1.00782,6
900,1.1022199999999995,8
950,1.11662,8
1000,1.2216999999999998,7
