distance,timeTogetData,hopCount
100,0.51912,1
150,0.5678400000000001,1
200,0.7564400000000001,2
250,0.7594400000000002,3
300,0.71182,2
350,1.0969000000000002,4
400,1.3241,3
450,1.5001000000000002,4
500,1.5177,4
550,1.6344999999999998,5
600,1.7353,4
650,1.9113,5
700,2.0153,6
750,2.0009,5
800,2.0249,7
850,2.3257,6
900,2.4521,7
950,2.7737000000000007,7
1000,2.7737000000000007,7
