distance,timeTogetData,hopCount
100,0.10489999999999995,1
150,0.1617000000000001,2
200,0.2904999999999999,2
250,0.34009999999999996,2
300,0.33209999999999995,3
350,0.38330000000000003,3
400,0.4942400000000001,3
450,0.5144400000000001,4
500,0.5974400000000001,4
550,0.61804,4
600,0.61024,5
650,0.6790400000000001,5
700,0.7872400000000002,5
750,0.9014399999999998,5
800,1.05582,6
850,1.0462199999999997,7
900,1.21902,7
950,1.2222199999999999,8
1000,1.7689,8
