nodenumber,timeTogetData
10,0.3529
20,0.43376000000000003
30,0.30809999999999993
40,0.33049999999999996
50,0.3697000000000001
60,0.3465
70,0.3369
80,0.3753
90,0.33209999999999995
100,0.37370000000000003
