nodenumber,timeTogetData
10,0.33849999999999997
20,0.27929999999999994
30,0.3280999999999999
40,0.29849999999999993
50,0.3721
60,0.3449
70,0.3785
80,0.3513
90,0.39770000000000005
100,0.3641
