nodenumber,timeTogetData
10,0.43244000000000005
20,0.30809999999999993
30,0.3609
40,0.32089999999999996
50,0.3529
60,0.34809999999999997
70,0.3673
80,0.3353
90,0.3705
100,0.3801
