nodenumber,timeTogetData
10,0.42650000000000005
20,0.3545
30,0.30649999999999994
40,0.3673
50,0.3881
60,0.3721
70,0.3785
80,0.3577
90,0.2904999999999999
100,0.38170000000000004
