nodenumber,timeTogetData
10,0.5064400000000002
20,0.5019200000000001
30,0.3881
40,0.3865
50,0.3657
60,0.3929
70,0.38970000000000005
80,0.38170000000000004
90,0.3545
100,0.4041
